FRB,ra,ra_err,dec,dec_err,DMobs,e_DMobs_up,e_DMobs_low,zsp,e_zsp,width,e_width_up,e_width_low,flux,e_flux_up,e_flux_low,fluence,e_fluence_up,e_fluence_low,rep,age,telescope,peak_freq,Central_Frequency,Inst_Bandwidth,sp_idx,sp_idx_err,logMstar(Msun),e_logMstar_up,e_logMstar_low,SFR(Msun/yr),e_SFR_up,e_SFR_low,host,ra_host,dec_host,ref,source,logMstar,log(Z),e_log(Z)_up,e_log(Z)_low,SFR,e_SFRr_up,tm,e_tm_up,e_tm_low,MB,MU,Mg,MR,MI,MZ,My,W1,W2,W3,W4,MV,MJ,MH,MK,F110W,F160W,F300X,CH1,FUV,NUV,GL_deg,GB_deg,DM_ism,DM_halo,H0_70_DM_host,H0_70_xval_label,DM_e,rest_width,DL,νW,Lν,TB_K,Energy,mst_central_label,pca_kmeans_label,2feature_mst_central_label,2feature_pca_kmeans_label
20240304B,182.997,7.778e-05,11.813,0.0001333,2458.2,0.01,0.01,2.148,0.001,-9999.0,-9999,-9999,0.49,0.01,0.01,2.75,0.05,0.05,0.0,-9999.0,MeerKAT,-9999.0,-9999.0,-9999.0,-9999.0,-9999.0,6.89,0.06,0.01,0.15,-9999.0,-9999.0,-9999,182.99704,11.81295,2508.01648,only_in_chun,-9999.0,-9999.0,-9999.0,-9999.0,-9999.0,-9999.0,-9999.0,-9999.0,-9999.0,-9999.0,-9999.0,-9999.0,-9999.0,-9999.0,-9999.0,-9999.0,-9999.0,-9999.0,-9999.0,-9999.0,-9999.0,-9999.0,-9999.0,-9999.0,-9999.0,-9999.0,-9999.0,-9999.0,-9999.0,-9999.0,269.86752365,72.10350314,28.152708053588867,32.25630677463428,188.3762274000159,1.0,2397.790985171777,-9999.0,17389.291406574415,-9999.0,1.772845156653841e+35,-9999.0,1.896373796436245e+45,0,2,0,0
20250316A,182.43466,0.0,58.84908,0.0,161.82,0.02,0.02,0.0067,-9999.0,0.266,0.0004|0.003,0.0004|0.003,1200.0,100.0,100.0,1700.0,200.0,200.0,0.0,-9999.0,CHIME/FRB,-9999.0,-9999.0,-9999.0,-9999.0,-9999.0,-9999.0,-9999.0,-9999.0,-9999.0,-9999.0,-9999.0,NGC 4141,182.44728,58.84912,2506.19006,only_in_chun,-9999.0,-9999.0,-9999.0,-9999.0,-9999.0,-9999.0,-9999.0,-9999.0,-9999.0,-9999.0,-9999.0,-9999.0,-9999.0,-9999.0,-9999.0,-9999.0,-9999.0,-9999.0,-9999.0,-9999.0,-9999.0,-9999.0,-9999.0,-9999.0,-9999.0,-9999.0,-9999.0,-9999.0,-9999.0,-9999.0,132.95353166,57.46046927,32.282203674316406,30.784184457810422,92.8869489661906,0.0,98.75361186787316,0.2642296612694944,29.97118919149537,-9999.0,1.2897340057533e+33,-9999.0,1.0889777539389144e+43,1,3,1,2
20240208A,159.229625,-9999.0,-0.954444444,-9999.0,260.2,0.3,0.3,0.39,0.1,7.1,-9999.0,-9999.0,5.211267605633803,-9999.0,-9999.0,37.0,3.0,3.0,0.0,-9999.0,ASKAP,-9999.0,863.5,336.0,-9999.0,-9999.0,-9999.0,-9999.0,-9999.0,-9999.0,-9999.0,-9999.0,-9999,-9999.0,-9999.0,2408.02083,only_in_lin,-9999.0,-9999.0,-9999.0,-9999.0,-9999.0,-9999.0,-9999.0,-9999.0,-9999.0,-9999.0,24.132,22.774,21.89,21.615,20.791,-9999.0,-9999.0,-9999.0,-9999.0,-9999.0,-9999.0,-9999.0,-9999.0,-9999.0,-9999.0,-9999.0,-9999.0,-9999.0,-9999.0,-9999.0,248.39448267,47.16670562,38.968231201171875,32.51104909718545,-9999.0,-9999.0,188.72071970164268,5.1079136690647475,2181.667424776349,0.00613085,2.967778087975837e+34,7.258916044041439e+34,9.095492557393575e+44,2,3,2,1
20240318A,150.3931667,-9999.0,37.61636111,-9999.0,256.4,0.3,0.3,0.12,0.04,4.7,-9999.0,-9999.0,3.1914893617021276,-9999.0,-9999.0,15.0,1.0,1.0,0.0,-9999.0,ASKAP,-9999.0,920.5,336.0,-9999.0,-9999.0,-9999.0,-9999.0,-9999.0,-9999.0,-9999.0,-9999.0,-9999,-9999.0,-9999.0,2408.02083,only_in_lin,-9999.0,-9999.0,-9999.0,-9999.0,-9999.0,-9999.0,-9999.0,-9999.0,-9999.0,-9999.0,-9999.0,19.51,18.88,18.56,18.36,-9999.0,-9999.0,-9999.0,-9999.0,-9999.0,-9999.0,-9999.0,-9999.0,-9999.0,-9999.0,-9999.0,-9999.0,-9999.0,-9999.0,-9999.0,185.56856047,52.97379811,36.839595794677734,29.888169096125708,83.22374214540292,0.0,189.67223510919655,4.196428571428571,580.8557427865844,0.00432635,1.2883709698883186e+33,6.328187808270374e+33,3.2439340491830877e+43,2,3,2,1
20240209A,289.85036,-9999.0,86.0609,-9999.0,176.57,-9999.0,-9999.0,0.1384,0.004,23.4,-9999.0,-9999.0,20.9,2.5,2.5,324.9,33.4,33.4,1.0,0.0,CHIME/FRB,-9999.0,-9999.0,-9999.0,-9999.0,-9999.0,-9999.0,0.01,0.01,-9999.0,-9999.0,-9999.0,-9999,-9999.0,-9999.0,2410.023336/2410.23374,only_in_lin,11.34,0.19,0.01,0.01,0.36,-9999.0,11.33,0.04,2.92,-9999.0,-9999.0,-9999.0,16.79,-9999.0,-9999.0,-9999.0,-9999.0,-9999.0,-9999.0,-9999.0,-9999.0,-9999.0,-9999.0,-9999.0,-9999.0,-9999.0,-9999.0,-9999.0,-9999.0,-9999.0,118.55920352,26.58117824,55.50326919555664,34.924978671723125,-9999.0,-9999.0,86.14175213272023,20.55516514406184,677.7618527403746,-9999.0,1.1487128601855585e+34,-9999.0,9.411769265878611e+44,0,3,2,2
20240114A,321.9160833,-9999.0,4.329169444,-9999.0,527.65,0.01,0.01,0.13,0.0002,8.8,-9999.0,-9999.0,0.2772727272727272,-9999.0,-9999.0,2.44,0.26,0.26,1.0,-9999.0,MeerKAT,-9999.0,847.0,544.0,2.84,1.45,-9999.0,-9999.0,-9999.0,-9999.0,-9999.0,-9999.0,-9999,-9999.0,-9999.0,2408.10988,in_both,-9999.0,-9999.0,-9999.0,-9999.0,-9999.0,-9999.0,-9999.0,-9999.0,-9999.0,-9999.0,23.028,22.589,22.094,21.856,21.879,-9999.0,-9999.0,-9999.0,-9999.0,-9999.0,-9999.0,-9999.0,-9999.0,-9999.0,-9999.0,-9999.0,-9999.0,-9999.0,-9999.0,-9999.0,57.48089166,-31.65142427,49.6723747253418,45.046591852178295,290.453979457821,1.0,432.9310334224799,7.787610619469028,633.2765982279261,0.0074536,1.3304696984830215e+32,2.201681806447671e+32,6.216707971672881e+42,1,1,0,0
20220501C,352.3791667,-9999.0,-32.49072222,-9999.0,449.5,0.2,0.2,0.381,-9999.0,9.5,-9999.0,-9999.0,3.3684210526315788,-9999.0,-9999.0,32.0,2.0,2.0,0.0,-9999.0,ASKAP,-9999.0,864.5,336.0,-9999.0,-9999.0,-9999.0,-9999.0,-9999.0,-9999.0,-9999.0,-9999.0,-9999,-9999.0,-9999.0,2408.02083,in_both,10.581,-9999.0,-9999.0,-9999.0,-9999.0,-9999.0,-9999.0,-9999.0,-9999.0,12.494,-9999.0,21.49,-9999.0,20.47,-9999.0,-9999.0,-9999.0,-9999.0,-9999.0,-9999.0,-9999.0,-9999.0,-9999.0,-9999.0,-9999.0,-9999.0,-9999.0,-9999.0,-9999.0,-9999.0,11.17768922,-71.47306931,30.622514724731445,35.26062163625432,46.42227654685482,0.0,383.61686363901424,6.879073135409124,2122.7221759443037,0.00821275,1.8160326045286853e+34,2.4753018495920814e+34,7.495572661704203e+44,2,3,2,1
20220725A,353.3152083,-9999.0,-35.99025,-9999.0,290.4,0.3,0.3,0.1926,-9999.0,8.3,-9999.0,-9999.0,8.674698795180722,-9999.0,-9999.0,72.0,6.0,6.0,0.0,-9999.0,ASKAP,-9999.0,920.5,336.0,-9999.0,-9999.0,-9999.0,-9999.0,-9999.0,-9999.0,-9999.0,-9999.0,-9999,-9999.0,-9999.0,2408.02083,in_both,-9999.0,-9999.0,-9999.0,-9999.0,-9999.0,-9999.0,-9999.0,-9999.0,-9999.0,19.473885,18.15,18.529,17.843,17.232,-9999.0,-9999.0,-9999.0,-9999.0,-9999.0,-9999.0,-9999.0,16.552,15.681,15.13,-9999.0,-9999.0,-9999.0,-9999.0,20.9889,20.6221,0.00165056,-71.18630682,30.732023239135746,35.42010419220222,56.35593026435042,0.0,224.247872568662,6.9595841019621,974.4269735122036,0.00764015,9.855166210672946e+33,1.5521793933149075e+34,4.115271484919609e+44,2,3,2,1
20220918A,17.592125,-9999.0,-70.81138889,-9999.0,656.8,0.4,0.4,0.491,-9999.0,9.5,-9999.0,-9999.0,5.7894736842105265,-9999.0,-9999.0,55.0,2.0,2.0,0.0,-9999.0,ASKAP,-9999.0,1271.5,336.0,-9999.0,-9999.0,-9999.0,-9999.0,-9999.0,-9999.0,-9999.0,-9999.0,-9999,-9999.0,-9999.0,2408.02083,in_both,-9999.0,-9999.0,-9999.0,-9999.0,-9999.0,-9999.0,-9999.0,-9999.0,-9999.0,22.239,-9999.0,-9999.0,23.63,-9999.0,-9999.0,-9999.0,-9999.0,-9999.0,-9999.0,-9999.0,-9999.0,-9999.0,-9999.0,22.16,-9999.0,-9999.0,-9999.0,-9999.0,-9999.0,-9999.0,300.68510778,-46.23418998,40.74324417114258,38.658332579767944,107.90198662931776,1.0,577.3984232490894,6.3715627095908784,2865.66284131442,0.01207925,5.688532232465663e+34,3.5842807048669575e+34,2.1746903906810374e+45,2,0,2,1
20221106A,56.70479167,-9999.0,-25.56980556,-9999.0,343.8,0.8,0.8,0.2044,-9999.0,8.3,-9999.0,-9999.0,9.638554216867467,-9999.0,-9999.0,80.0,2.0,2.0,0.0,-9999.0,ASKAP,-9999.0,1631.5,336.0,-9999.0,-9999.0,-9999.0,-9999.0,-9999.0,-9999.0,-9999.0,-9999.0,-9999,-9999.0,-9999.0,2408.02083,in_both,-9999.0,-9999.0,-9999.0,-9999.0,-9999.0,-9999.0,-9999.0,-9999.0,-9999.0,-9999.0,21.15,23.26,20.48,21.55,20.5,-9999.0,-9999.0,-9999.0,-9999.0,-9999.0,-9999.0,20.95,-9999.0,20.14,-9999.0,-9999.0,-9999.0,-9999.0,21.0209,20.9137,220.90097555,-50.87882228,34.789581298828125,30.711788169479156,92.39970147040135,0.0,278.2986305316927,6.891398206575889,1041.158419889876,0.01354145,1.250133750888937e+34,6.26769522309625e+33,5.1691016933136085e+44,2,3,2,1
20230526A,22.232625,-9999.0,-52.71733333,-9999.0,361.4,0.2,0.2,0.157,-9999.0,4.7,-9999.0,-9999.0,7.234042553191489,-9999.0,-9999.0,34.0,1.0,1.0,0.0,-9999.0,ASKAP,-9999.0,1271.5,336.0,-9999.0,-9999.0,-9999.0,-9999.0,-9999.0,-9999.0,-9999.0,-9999.0,-9999,-9999.0,-9999.0,2408.02083,in_both,-9999.0,-9999.0,-9999.0,-9999.0,-9999.0,-9999.0,-9999.0,-9999.0,-9999.0,-9999.0,-9999.0,-9999.0,21.08,-9999.0,-9999.0,-9999.0,-9999.0,-9999.0,-9999.0,-9999.0,-9999.0,-9999.0,-9999.0,17.1,-9999.0,-9999.0,-9999.0,-9999.0,-9999.0,-9999.0,290.17096006,-63.47210299,31.859872817993164,34.06496884073963,145.48002468695674,1.0,295.47515834126716,4.062229904926534,777.7108909415731,0.00597605,5.235140903143088e+33,1.3476641045343482e+34,1.2759807559951171e+44,2,3,2,1
20230708A,303.1155417,-9999.0,-55.35627778,-9999.0,411.51,0.5,0.5,0.105,-9999.0,23.6,-9999.0,-9999.0,4.703389830508474,-9999.0,-9999.0,111.0,4.0,4.0,0.0,-9999.0,ASKAP,-9999.0,920.5,336.0,-9999.0,-9999.0,-9999.0,-9999.0,-9999.0,-9999.0,-9999.0,-9999.0,-9999,-9999.0,-9999.0,2408.02083,in_both,-9999.0,-9999.0,-9999.0,-9999.0,-9999.0,-9999.0,-9999.0,-9999.0,-9999.0,-9999.0,-9999.0,-9999.0,22.65,-9999.0,-9999.0,-9999.0,-9999.0,-9999.0,-9999.0,-9999.0,-9999.0,-9999.0,-9999.0,18.8,-9999.0,-9999.0,-9999.0,-9999.0,-9999.0,-9999.0,342.62880068,-33.38769642,60.326316833496094,58.032446936688515,189.15580681935845,1.0,293.15123622981537,21.35746606334842,503.3353232142305,0.0217238,1.425728231351526e+33,2.7774540860930328e+32,1.826996538998879e+44,2,3,2,1
20230902A,52.13979167,-9999.0,-47.3335,-9999.0,440.1,0.1,0.1,0.3619,-9999.0,5.9,-9999.0,-9999.0,3.8983050847457625,-9999.0,-9999.0,23.0,2.0,2.0,0.0,-9999.0,ASKAP,-9999.0,832.5,336.0,-9999.0,-9999.0,-9999.0,-9999.0,-9999.0,-9999.0,-9999.0,-9999.0,-9999,-9999.0,-9999.0,2408.02083,in_both,-9999.0,-9999.0,-9999.0,-9999.0,-9999.0,-9999.0,-9999.0,-9999.0,-9999.0,-9999.0,-9999.0,-9999.0,21.522,-9999.0,-9999.0,-9999.0,-9999.0,-9999.0,-9999.0,-9999.0,-9999.0,-9999.0,-9999.0,20.36,-9999.0,-9999.0,-9999.0,-9999.0,-9999.0,-9999.0,256.99055216,-53.33873551,34.13512420654297,32.633917553005645,51.8014512905084,0.0,373.3309582404514,4.332182979660769,1998.775099306748,0.00491175,1.863436678599428e+34,7.101071125574248e+34,4.84364919762242e+44,2,3,2,1
20231226A,155.36375,-9999.0,6.11025,-9999.0,329.9,0.1,0.1,0.1569,-9999.0,11.8,-9999.0,-9999.0,6.610169491525423,-9999.0,-9999.0,78.0,3.0,3.0,0.0,-9999.0,ASKAP,-9999.0,863.5,336.0,-9999.0,-9999.0,-9999.0,-9999.0,-9999.0,-9999.0,-9999.0,-9999.0,-9999,-9999.0,-9999.0,2408.02083,in_both,-9999.0,-9999.0,-9999.0,-9999.0,-9999.0,-9999.0,-9999.0,-9999.0,-9999.0,-9999.0,-9999.0,-9999.0,18.99,-9999.0,-9999.0,-9999.0,-9999.0,-9999.0,-9999.0,-9999.0,-9999.0,-9999.0,-9999.0,18.08,-9999.0,-9999.0,-9999.0,-9999.0,20.9423,20.6013,236.57681863,48.64582197,38.09101867675781,31.596719353110753,115.08424778517296,1.0,260.2122619701314,10.199671536001384,777.1682618801384,0.0101893,4.776982638218116e+33,4.230061632373133e+33,2.9234192305803667e+44,2,3,2,1
20240201A,149.9055833,-9999.0,14.08802778,-9999.0,374.5,0.2,0.2,0.042729,-9999.0,9.5,-9999.0,-9999.0,4.947368421052632,-9999.0,-9999.0,47.0,3.0,3.0,0.0,-9999.0,ASKAP,-9999.0,920.5,336.0,-9999.0,-9999.0,-9999.0,-9999.0,-9999.0,-9999.0,-9999.0,-9999.0,-9999,-9999.0,-9999.0,2408.02083,in_both,-9999.0,-9999.0,-9999.0,-9999.0,-9999.0,-9999.0,-9999.0,-9999.0,-9999.0,-9999.0,-9999.0,-9999.0,16.97,-9999.0,-9999.0,-9999.0,-9999.0,-9999.0,-9999.0,-9999.0,-9999.0,15.317,14.399,14.126,-9999.0,-9999.0,-9999.0,-9999.0,23.05,20.7752,222.13351862,47.96916586,38.616512298583984,30.88457144618837,260.13298879337594,1.0,304.99891625522764,9.110708535007658,196.27620596272936,0.0087447499999999,2.280449797466927e+32,2.7416212046692096e+32,1.246590806006305e+43,2,3,2,1
20240210A,8.779583333,-9999.0,-28.27075,-9999.0,283.73,0.5,0.5,0.023686,-9999.0,9.5,-9999.0,-9999.0,2.736842105263158,-9999.0,-9999.0,26.0,2.0,2.0,0.0,-9999.0,ASKAP,-9999.0,863.5,336.0,-9999.0,-9999.0,-9999.0,-9999.0,-9999.0,-9999.0,-9999.0,-9999.0,-9999,-9999.0,-9999.0,2408.02083,in_both,-9999.0,-9999.0,-9999.0,-9999.0,-9999.0,-9999.0,-9999.0,-9999.0,-9999.0,-9999.0,24.16,25.27,25.15,23.72,20.43,21.91,-9999.0,-9999.0,-9999.0,-9999.0,-9999.0,21.98,21.09,21.23,-9999.0,-9999.0,-9999.0,-9999.0,17.3162,17.0662,14.43958196,-86.21156486,28.692808151245117,32.37791365494755,199.31742116078144,1.0,222.65927819380735,9.28018943308788,107.30670618131576,0.00820325,3.7706344026239423e+31,5.1513879998448475e+31,2.0995320923561e+42,2,1,2,1
20240310A,17.621875,-9999.0,-44.43941667,-9999.0,601.8,0.2,0.2,0.127,-9999.0,7.1,-9999.0,-9999.0,4.929577464788733,-9999.0,-9999.0,35.0,2.0,2.0,0.0,-9999.0,ASKAP,-9999.0,920.5,336.0,-9999.0,-9999.0,-9999.0,-9999.0,-9999.0,-9999.0,-9999.0,-9999.0,-9999,-9999.0,-9999.0,2408.02083,in_both,-9999.0,-9999.0,-9999.0,-9999.0,-9999.0,-9999.0,-9999.0,-9999.0,-9999.0,-9999.0,-9999.0,-9999.0,20.143,-9999.0,-9999.0,-9999.0,-9999.0,-9999.0,-9999.0,-9999.0,-9999.0,-9999.0,-9999.0,-9999.0,-9999.0,-9999.0,-9999.0,-9999.0,-9999.0,-9999.0,291.70662408,-72.27128843,30.10094833374023,33.151663375907006,387.1423210422567,1.0,538.5473882903527,6.299911268855368,617.4886818123395,0.0065355499999999,2.2489440622329248e+33,4.840565498150839e+33,8.500888824411942e+43,2,3,2,1
20230203A,151.66159,-9999.0,35.6941,-9999.0,420.1,-9999.0,-9999.0,0.1464,-9999.0,-9999.0,-9999.0,-9999.0,6.2,-9999.0,-9999.0,173.0,-9999.0,-9999.0,0.0,-9999.0,CHIME/FRB,-9999.0,-9999.0,-9999.0,-9999.0,-9999.0,-9999.0,-9999.0,-9999.0,-9999.0,-9999.0,-9999.0,-9999,-9999.0,-9999.0,2502.11217,in_both,-9999.0,-9999.0,-9999.0,-9999.0,-9999.0,-9999.0,-9999.0,-9999.0,-9999.0,-9999.0,20.501,19.082,18.084,17.561,17.171,-9999.0,-9999.0,-9999.0,-9999.0,-9999.0,-9999.0,17.44,17.396,16.915,-9999.0,-9999.0,-9999.0,-9999.0,-9999.0,-9999.0,188.71253717,54.08702676,36.26272201538086,29.89972694013253,205.52666547832263,1.0,353.9375510444866,-9999.0,720.5081482726218,-9999.0,3.8510613497062954e+33,-9999.0,5.624059722715615e+44,2,3,2,1
20230222A,106.96036,-9999.0,11.22452,-9999.0,706.1,-9999.0,-9999.0,0.1223,-9999.0,-9999.0,-9999.0,-9999.0,4.5,-9999.0,-9999.0,129.2,-9999.0,-9999.0,0.0,-9999.0,CHIME/FRB,-9999.0,-9999.0,-9999.0,-9999.0,-9999.0,-9999.0,-9999.0,-9999.0,-9999.0,-9999.0,-9999.0,-9999,-9999.0,-9999.0,2502.11217,in_both,-9999.0,-9999.0,-9999.0,-9999.0,-9999.0,-9999.0,-9999.0,-9999.0,-9999.0,-9999.0,-9999.0,17.53,-9999.0,-9999.0,-9999.0,-9999.0,-9999.0,-9999.0,-9999.0,-9999.0,-9999.0,-9999.0,-9999.0,-9999.0,-9999.0,-9999.0,-9999.0,-9999.0,-9999.0,-9999.0,204.71637782,8.69573626,134.19850158691406,36.992231831670765,388.9791506892801,1.0,534.9092665814152,-9999.0,592.8604412448042,-9999.0,1.8924674307650863e+33,-9999.0,2.9048298678885517e+44,2,3,2,1
20230222B,238.73912,-9999.0,30.8987,-9999.0,187.8,-9999.0,-9999.0,0.11,-9999.0,-9999.0,-9999.0,-9999.0,91.3,-9999.0,-9999.0,37.5,-9999.0,-9999.0,0.0,-9999.0,CHIME/FRB,-9999.0,-9999.0,-9999.0,-9999.0,-9999.0,-9999.0,-9999.0,-9999.0,-9999.0,-9999.0,-9999.0,-9999,-9999.0,-9999.0,2502.11217,in_both,-9999.0,-9999.0,-9999.0,-9999.0,-9999.0,-9999.0,-9999.0,-9999.0,-9999.0,-9999.0,19.668,18.208,17.523,17.179,16.905,-9999.0,-9999.0,-9999.0,-9999.0,-9999.0,-9999.0,-9999.0,-9999.0,-9999.0,-9999.0,-9999.0,-9999.0,-9999.0,-9999.0,-9999.0,49.61758206,49.97872118,27.73301124572754,38.95568256848256,29.617830316841605,0.0,121.11130618578991,-9999.0,529.0261571086623,-9999.0,3.0572856900023336e+34,-9999.0,6.787733541048964e+43,0,3,1,2
20230311A,91.10966,-9999.0,55.94595,-9999.0,364.3,-9999.0,-9999.0,0.1918,-9999.0,-9999.0,-9999.0,-9999.0,9.5,-9999.0,-9999.0,12.2,-9999.0,-9999.0,0.0,-9999.0,CHIME/FRB,-9999.0,-9999.0,-9999.0,-9999.0,-9999.0,-9999.0,-9999.0,-9999.0,-9999.0,-9999.0,-9999.0,-9999,-9999.0,-9999.0,2502.11217,in_both,-9999.0,-9999.0,-9999.0,-9999.0,-9999.0,-9999.0,-9999.0,-9999.0,-9999.0,-9999.0,-9999.0,19.38,-9999.0,-9999.0,-9999.0,-9999.0,-9999.0,-9999.0,-9999.0,-9999.0,-9999.0,-9999.0,-9999.0,-9999.0,-9999.0,-9999.0,-9999.0,-9999.0,-9999.0,-9999.0,157.71337657,16.03946791,92.4559555053711,34.27402119038383,68.13833894488185,0.0,237.5700233042451,-9999.0,969.9299460301254,-9999.0,1.069338728402032e+34,-9999.0,6.913522660904669e+43,1,3,0,1
20230703A,184.62445,-9999.0,48.72993,-9999.0,291.3,-9999.0,-9999.0,0.1184,-9999.0,-9999.0,-9999.0,-9999.0,9.4,-9999.0,-9999.0,8.4,-9999.0,-9999.0,0.0,-9999.0,CHIME/FRB,-9999.0,-9999.0,-9999.0,-9999.0,-9999.0,-9999.0,-9999.0,-9999.0,-9999.0,-9999.0,-9999.0,-9999,-9999.0,-9999.0,2502.11217,in_both,-9999.0,-9999.0,-9999.0,-9999.0,-9999.0,-9999.0,-9999.0,-9999.0,-9999.0,-9999.0,-9999.0,18.08,-9999.0,-9999.0,-9999.0,-9999.0,-9999.0,-9999.0,-9999.0,-9999.0,-9999.0,-9999.0,-9999.0,-9999.0,-9999.0,-9999.0,-9999.0,-9999.0,-9999.0,-9999.0,137.2097857,67.47502062,26.927583694458008,30.655144373803,123.9036703172314,1.0,233.717271931739,-9999.0,572.5230905140409,-9999.0,3.6865898410284065e+33,-9999.0,1.7673816697469758e+43,1,3,0,1
20230730A,54.66456,-9999.0,33.1593,-9999.0,312.5,-9999.0,-9999.0,0.2115,-9999.0,-9999.0,-9999.0,-9999.0,43.9,-9999.0,-9999.0,37.1,-9999.0,-9999.0,0.0,-9999.0,CHIME/FRB,-9999.0,-9999.0,-9999.0,-9999.0,-9999.0,-9999.0,-9999.0,-9999.0,-9999.0,-9999.0,-9999.0,-9999,-9999.0,-9999.0,2502.11217,in_both,-9999.0,-9999.0,-9999.0,-9999.0,-9999.0,-9999.0,-9999.0,-9999.0,-9999.0,-9999.0,-9999.0,21.41,-9999.0,-9999.0,-9999.0,-9999.0,-9999.0,-9999.0,-9999.0,-9999.0,-9999.0,-9999.0,-9999.0,-9999.0,-9999.0,-9999.0,-9999.0,-9999.0,-9999.0,-9999.0,158.81663517,-17.81644809,85.1561508178711,33.7548047336349,16.970031477812636,0.0,193.589044448494,-9999.0,1081.6687272938025,-9999.0,6.145596213582956e+34,-9999.0,2.572179327653582e+44,0,3,1,1
20230926A,269.12488,-9999.0,41.8143,-9999.0,222.8,-9999.0,-9999.0,0.0553,-9999.0,-9999.0,-9999.0,-9999.0,26.8,-9999.0,-9999.0,28.4,-9999.0,-9999.0,0.0,-9999.0,CHIME/FRB,-9999.0,-9999.0,-9999.0,-9999.0,-9999.0,-9999.0,-9999.0,-9999.0,-9999.0,-9999.0,-9999.0,-9999,-9999.0,-9999.0,2502.11217,in_both,-9999.0,-9999.0,-9999.0,-9999.0,-9999.0,-9999.0,-9999.0,-9999.0,-9999.0,-9999.0,-9999.0,15.46,-9999.0,-9999.0,-9999.0,-9999.0,-9999.0,-9999.0,-9999.0,-9999.0,-9999.0,-9999.0,-9999.0,-9999.0,-9999.0,-9999.0,-9999.0,-9999.0,-9999.0,-9999.0,68.23527902,27.48398452,52.61996841430664,44.21998469773229,77.84253464504239,0.0,125.96004688796108,-9999.0,256.29840169221285,-9999.0,2.106383985575984e+33,-9999.0,1.2691016317852162e+43,1,3,1,1
20231005A,246.028,-9999.0,35.44871,-9999.0,189.4,-9999.0,-9999.0,0.0713,-9999.0,-9999.0,-9999.0,-9999.0,221.2,-9999.0,-9999.0,60.0,-9999.0,-9999.0,0.0,-9999.0,CHIME/FRB,-9999.0,-9999.0,-9999.0,-9999.0,-9999.0,-9999.0,-9999.0,-9999.0,-9999.0,-9999.0,-9999.0,-9999,-9999.0,-9999.0,2502.11217,in_both,-9999.0,-9999.0,-9999.0,-9999.0,-9999.0,-9999.0,-9999.0,-9999.0,-9999.0,-9999.0,21.017,18.782,17.947,17.457,17.103,-9999.0,-9999.0,-9999.0,-9999.0,-9999.0,-9999.0,-9999.0,-9999.0,-9999.0,-9999.0,-9999.0,-9999.0,-9999.0,-9999.0,-9999.0,57.16529291,44.35315679,33.470375061035156,39.60267354965366,55.65690065824938,0.0,116.3269513893112,-9999.0,334.1499171900994,-9999.0,2.9551449830550515e+34,-9999.0,4.489366546347665e+43,0,3,1,2
20231011A,18.2411,-9999.0,41.7491,-9999.0,186.3,-9999.0,-9999.0,0.0783,-9999.0,-9999.0,-9999.0,-9999.0,129.5,-9999.0,-9999.0,58.3,-9999.0,-9999.0,0.0,-9999.0,CHIME/FRB,-9999.0,-9999.0,-9999.0,-9999.0,-9999.0,-9999.0,-9999.0,-9999.0,-9999.0,-9999.0,-9999.0,-9999,-9999.0,-9999.0,2502.11217,in_both,-9999.0,-9999.0,-9999.0,-9999.0,-9999.0,-9999.0,-9999.0,-9999.0,-9999.0,-9999.0,-9999.0,17.92,-9999.0,-9999.0,-9999.0,-9999.0,-9999.0,-9999.0,-9999.0,-9999.0,-9999.0,-9999.0,-9999.0,-9999.0,-9999.0,-9999.0,-9999.0,-9999.0,-9999.0,-9999.0,127.22869925,-20.94298363,70.35018157958984,35.358358018698915,16.89956635263328,0.0,80.59146040171126,-9999.0,368.7160726760867,-9999.0,2.1065164819896136e+34,-9999.0,5.276856609341568e+43,0,3,1,2
20231017A,346.75429,-9999.0,36.65268,-9999.0,344.2,-9999.0,-9999.0,0.245,-9999.0,-9999.0,-9999.0,-9999.0,33.6,-9999.0,-9999.0,8.2,-9999.0,-9999.0,0.0,-9999.0,CHIME/FRB,-9999.0,-9999.0,-9999.0,-9999.0,-9999.0,-9999.0,-9999.0,-9999.0,-9999.0,-9999.0,-9999.0,-9999,-9999.0,-9999.0,2502.11217,in_both,-9999.0,-9999.0,-9999.0,-9999.0,-9999.0,-9999.0,-9999.0,-9999.0,-9999.0,-9999.0,-9999.0,20.36,-9999.0,-9999.0,-9999.0,-9999.0,-9999.0,-9999.0,-9999.0,-9999.0,-9999.0,-9999.0,-9999.0,-9999.0,-9999.0,-9999.0,-9999.0,-9999.0,-9999.0,-9999.0,100.60980037,-21.65190357,64.55065155029297,39.104019767983175,31.30369701546035,0.0,240.54532868172384,-9999.0,1276.3624769790863,-9999.0,6.549351330349886e+34,-9999.0,7.702908908328887e+43,1,3,1,1
20231025B,270.78807,-9999.0,63.98908,-9999.0,368.7,-9999.0,-9999.0,0.3238,-9999.0,-9999.0,-9999.0,-9999.0,6.0,-9999.0,-9999.0,5.2,-9999.0,-9999.0,0.0,-9999.0,CHIME/FRB,-9999.0,-9999.0,-9999.0,-9999.0,-9999.0,-9999.0,-9999.0,-9999.0,-9999.0,-9999.0,-9999.0,-9999,-9999.0,-9999.0,2502.11217,in_both,-9999.0,-9999.0,-9999.0,-9999.0,-9999.0,-9999.0,-9999.0,-9999.0,-9999.0,-9999.0,23.627,21.868,20.913,20.704,20.474,-9999.0,-9999.0,-9999.0,-9999.0,-9999.0,-9999.0,-9999.0,-9999.0,-9999.0,-9999.0,-9999.0,-9999.0,-9999.0,-9999.0,-9999.0,93.43324314,29.43399566,48.58866500854492,37.7601896955538,9.662592856219726,0.0,282.3511452959013,-9999.0,1756.3246952625957,-9999.0,2.2144802972379057e+34,-9999.0,8.698668640003859e+43,1,3,0,1
20231123A,82.62325,-9999.0,4.47554,-9999.0,302.1,-9999.0,-9999.0,0.0729,-9999.0,-9999.0,-9999.0,-9999.0,52.7,-9999.0,-9999.0,56.8,-9999.0,-9999.0,0.0,-9999.0,CHIME/FRB,-9999.0,-9999.0,-9999.0,-9999.0,-9999.0,-9999.0,-9999.0,-9999.0,-9999.0,-9999.0,-9999.0,-9999,-9999.0,-9999.0,2502.11217,in_both,-9999.0,-9999.0,-9999.0,-9999.0,-9999.0,-9999.0,-9999.0,-9999.0,-9999.0,-9999.0,-9999.0,18.29,-9999.0,-9999.0,-9999.0,-9999.0,-9999.0,-9999.0,-9999.0,-9999.0,-9999.0,-9999.0,-9999.0,-9999.0,-9999.0,-9999.0,-9999.0,-9999.0,-9999.0,-9999.0,199.30944345,-15.74274898,89.74861907958984,34.222734223905576,111.97046686414345,1.0,178.1286466965046,-9999.0,342.02377829029825,-9999.0,7.376225246450365e+33,-9999.0,4.445943054885708e+43,0,3,1,2
20231128A,199.5782,-9999.0,42.99271,-9999.0,331.6,-9999.0,-9999.0,0.1079,-9999.0,-9999.0,-9999.0,-9999.0,2.8,-9999.0,-9999.0,67.7,-9999.0,-9999.0,0.0,-9999.0,CHIME/FRB,-9999.0,-9999.0,-9999.0,-9999.0,-9999.0,-9999.0,-9999.0,-9999.0,-9999.0,-9999.0,-9999.0,-9999,-9999.0,-9999.0,2502.11217,in_both,-9999.0,-9999.0,-9999.0,-9999.0,-9999.0,-9999.0,-9999.0,-9999.0,-9999.0,-9999.0,-9999.0,17.31,-9999.0,-9999.0,-9999.0,-9999.0,-9999.0,-9999.0,-9999.0,-9999.0,-9999.0,-9999.0,-9999.0,-9999.0,-9999.0,-9999.0,-9999.0,-9999.0,-9999.0,-9999.0,105.68523927,73.2240021,25.006284713745117,31.662034917891553,170.0692543683512,1.0,274.93168036836335,-9999.0,518.2177333341775,-9999.0,8.99691311857093e+32,-9999.0,1.1780801866992612e+44,2,3,2,1
20231201A,54.58929,-9999.0,26.81767,-9999.0,169.4,-9999.0,-9999.0,0.119,-9999.0,-9999.0,-9999.0,-9999.0,35.1,-9999.0,-9999.0,10.8,-9999.0,-9999.0,0.0,-9999.0,CHIME/FRB,-9999.0,-9999.0,-9999.0,-9999.0,-9999.0,-9999.0,-9999.0,-9999.0,-9999.0,-9999.0,-9999.0,-9999,-9999.0,-9999.0,2502.11217,in_both,-9999.0,-9999.0,-9999.0,-9999.0,-9999.0,-9999.0,-9999.0,-9999.0,-9999.0,-9999.0,-9999.0,19.43,-9999.0,-9999.0,-9999.0,-9999.0,-9999.0,-9999.0,-9999.0,-9999.0,-9999.0,-9999.0,-9999.0,-9999.0,-9999.0,-9999.0,-9999.0,-9999.0,-9999.0,-9999.0,163.04052488,-22.7702363,69.95204162597656,32.52889899134219,-9999.0,-9999.0,66.91905938268125,-9999.0,575.646059465447,-9999.0,1.3916471774519892e+34,-9999.0,2.295973895569378e+43,1,3,1,1
20231204A,207.99903,-9999.0,48.116,-9999.0,221.0,-9999.0,-9999.0,0.0644,-9999.0,-9999.0,-9999.0,-9999.0,4.7,-9999.0,-9999.0,25.5,-9999.0,-9999.0,0.0,-9999.0,CHIME/FRB,-9999.0,-9999.0,-9999.0,-9999.0,-9999.0,-9999.0,-9999.0,-9999.0,-9999.0,-9999.0,-9999.0,-9999,-9999.0,-9999.0,2502.11217,in_both,-9999.0,-9999.0,-9999.0,-9999.0,-9999.0,-9999.0,-9999.0,-9999.0,-9999.0,-9999.0,17.353,16.054,15.511,15.199,15.022,-9999.0,-9999.0,-9999.0,-9999.0,-9999.0,-9999.0,-9999.0,-9999.0,-9999.0,-9999.0,-9999.0,-9999.0,-9999.0,-9999.0,-9999.0,97.62375629,65.92814517,29.82865524291992,32.19149009381622,101.32238762773112,1.0,158.97985466326386,-9999.0,300.3779957639046,-9999.0,5.073936675573833e+32,-9999.0,1.5517928617516942e+43,2,3,2,1
20231206A,112.44284,-9999.0,56.25627,-9999.0,457.7,-9999.0,-9999.0,0.0659,-9999.0,-9999.0,-9999.0,-9999.0,9.9,-9999.0,-9999.0,179.4,-9999.0,-9999.0,0.0,-9999.0,CHIME/FRB,-9999.0,-9999.0,-9999.0,-9999.0,-9999.0,-9999.0,-9999.0,-9999.0,-9999.0,-9999.0,-9999.0,-9999,-9999.0,-9999.0,2502.11217,in_both,-9999.0,-9999.0,-9999.0,-9999.0,-9999.0,-9999.0,-9999.0,-9999.0,-9999.0,-9999.0,-9999.0,16.12,-9999.0,-9999.0,-9999.0,-9999.0,-9999.0,-9999.0,-9999.0,-9999.0,-9999.0,-9999.0,-9999.0,-9999.0,-9999.0,-9999.0,-9999.0,-9999.0,-9999.0,-9999.0,161.05816747,27.48189499,59.135868072509766,31.813692147618035,294.9702682583404,1.0,366.7504397798722,-9999.0,307.69422216687656,-9999.0,1.1214626948878112e+33,-9999.0,1.1439495288538255e+44,2,3,2,1
20231223C,259.54465,-9999.0,29.49794,-9999.0,165.8,-9999.0,-9999.0,0.1059,-9999.0,-9999.0,-9999.0,-9999.0,68.1,-9999.0,-9999.0,287.2,-9999.0,-9999.0,0.0,-9999.0,CHIME/FRB,-9999.0,-9999.0,-9999.0,-9999.0,-9999.0,-9999.0,-9999.0,-9999.0,-9999.0,-9999.0,-9999.0,-9999,-9999.0,-9999.0,2502.11217,in_both,-9999.0,-9999.0,-9999.0,-9999.0,-9999.0,-9999.0,-9999.0,-9999.0,-9999.0,-9999.0,-9999.0,16.49,-9999.0,-9999.0,-9999.0,-9999.0,-9999.0,-9999.0,-9999.0,-9999.0,-9999.0,-9999.0,-9999.0,-9999.0,-9999.0,-9999.0,-9999.0,-9999.0,-9999.0,-9999.0,52.31072392,32.08016178,47.86592483520508,46.34315681786305,-9999.0,-9999.0,71.59091834693189,-9999.0,507.9485923303329,-9999.0,2.1023140298693736e+34,-9999.0,4.810279421417157e+44,0,3,1,2
20231229A,26.46783,-9999.0,35.11292,-9999.0,198.5,-9999.0,-9999.0,0.019,-9999.0,-9999.0,-9999.0,-9999.0,211.2,-9999.0,-9999.0,95.5,-9999.0,-9999.0,0.0,-9999.0,CHIME/FRB,-9999.0,-9999.0,-9999.0,-9999.0,-9999.0,-9999.0,-9999.0,-9999.0,-9999.0,-9999.0,-9999.0,-9999,-9999.0,-9999.0,2502.11217,in_both,-9999.0,-9999.0,-9999.0,-9999.0,-9999.0,-9999.0,-9999.0,-9999.0,-9999.0,-9999.0,-9999.0,14.27,-9999.0,-9999.0,-9999.0,-9999.0,-9999.0,-9999.0,-9999.0,-9999.0,-9999.0,-9999.0,-9999.0,-9999.0,-9999.0,-9999.0,-9999.0,-9999.0,-9999.0,-9999.0,135.34491098,-26.44334852,58.180301666259766,33.34770606225891,90.33643657711242,0.0,106.97199227148133,-9999.0,85.77953510983016,-9999.0,1.8593975087482049e+33,-9999.0,4.950610616620951e+42,1,3,1,2
20220207C,310.199525,-9999.0,72.88232722,-9999.0,262.38,0.01,0.01,0.04304,-9999.0,0.5,-9999.0,-9999.0,32.4,-9999.0,-9999.0,16.2,-9999.0,-9999.0,0.0,1.0,DSA-110,-9999.0,1405.0,187.5,-9999.0,-9999.0,-9999.0,0.03,0.03,-9999.0,0.12,0.13,-9999,-9999.0,-9999.0,2307.03344/2409.16964,in_both,9.95,-0.7,0.06,0.05,0.71,-9999.0,6.12,0.45,0.48,-9999.0,-9999.0,16.43,16.15,15.96,15.77,15.67,16.43,17.1,15.84,15.14,-9999.0,-9999.0,15.45,-9999.0,-9999.0,-9999.0,-9999.0,-9999.0,-9999.0,-9999.0,106.93849734,18.38959215,76.09967041015625,39.2083826834892,108.40716747926945,1.0,147.07194690635455,0.4793680012271821,197.7488382289489,0.0007025,1.5159464002103697e+33,2.824053498136731e+35,4.3601771750183217e+42,1,3,1,1
20220307B,350.8745,-9999.0,72.19238889,-9999.0,499.27,0.06,0.06,0.248123,-9999.0,0.5,-9999.0,-9999.0,6.4,-9999.0,-9999.0,3.2,-9999.0,-9999.0,0.0,1.0,DSA-110,-9999.0,1405.0,187.5,-9999.0,-9999.0,-9999.0,0.03,0.04,-9999.0,1.35,1.03,-9999,-9999.0,-9999.0,2307.03344/2409.16964,in_both,10.14,-1.51,0.07,0.12,3.17,-9999.0,3.64,0.45,0.43,-9999.0,-9999.0,21.11,20.45,20.14,19.82,19.43,-9999.0,-9999.0,-9999.0,-9999.0,-9999.0,19.5,18.82,-9999.0,-9999.0,-9999.0,-9999.0,-9999.0,-9999.0,-9999.0,116.24594745,10.47179894,128.22433471679688,41.27320891644381,100.57292980531165,1.0,329.7724563667593,0.4006015432773853,1294.8059840214723,0.0007025,1.2838087287005324e+34,2.391604697053989e+36,3.0857745479424676e+43,1,3,0,0
20220310F,134.7204167,-9999.0,73.49083333,-9999.0,462.24,0.005,0.005,0.477958,-9999.0,1.0,-9999.0,-9999.0,26.2,-9999.0,-9999.0,26.2,-9999.0,-9999.0,0.0,1.0,DSA-110,-9999.0,1405.0,187.5,-9999.0,-9999.0,-9999.0,0.08,0.06,-9999.0,0.32,0.29,-9999,-9999.0,-9999.0,2307.03344/2409.16964,in_both,9.98,-1.2,0.14,0.15,0.97,-9999.0,2.88,0.75,0.67,-9999.0,-9999.0,-9999.0,21.2,20.72,20.71,-9999.0,20.0,20.48,-9999.0,-9999.0,-9999.0,20.22,20.29,20.41,-9999.0,-9999.0,-9999.0,-9999.0,-9999.0,-9999.0,140.02438246,34.79799187,46.33938217163086,31.80552177624912,-9999.0,-9999.0,384.09509605212,0.6766092135229823,2775.110410760499,0.001405,2.414197407068364e+35,1.1243508727745786e+37,9.800809253314495e+44,2,0,1,1
20220418A,219.1055833,-9999.0,70.09594444,-9999.0,623.25,0.01,0.01,0.622,-9999.0,1.0,-9999.0,-9999.0,4.2,-9999.0,-9999.0,4.2,-9999.0,-9999.0,0.0,1.0,DSA-110,-9999.0,1405.0,187.5,-9999.0,-9999.0,-9999.0,0.02,0.02,-9999.0,0.15,0.13,-9999,-9999.0,-9999.0,2307.03344/2409.16964,in_both,10.26,-0.46,0.09,0.05,1.31,-9999.0,2.59,0.27,0.29,-9999.0,-9999.0,22.18,21.27,21.29,21.0,-9999.0,20.69,-9999.0,-9999.0,-9999.0,-9999.0,20.78,-9999.0,-9999.0,-9999.0,-9999.0,-9999.0,-9999.0,-9999.0,-9999.0,110.75308815,44.46716696,36.654178619384766,32.84408526581693,12.857118703716276,0.0,553.7517361147983,0.6165228113440198,3808.473594803481,0.001405,7.288902527689924e+34,3.394620462511716e+36,2.6962648067903534e+44,2,0,0,0
20220506D,318.0448333,-9999.0,72.82727778,-9999.0,396.97,0.02,0.02,0.30039,-9999.0,0.5,-9999.0,-9999.0,26.4,-9999.0,-9999.0,13.2,-9999.0,-9999.0,0.0,2.0,DSA-110,-9999.0,1405.0,187.5,-9999.0,-9999.0,-9999.0,0.01,0.03,-9999.0,0.17,0.17,-9999,-9999.0,-9999.0,2307.03344/2409.16964,in_both,10.45,-0.12,0.06,0.06,1.2,-9999.0,4.77,0.2,0.16,-9999.0,-9999.0,-9999.0,19.91,19.55,-9999.0,19.4,18.32,18.28,-9999.0,-9999.0,-9999.0,18.77,18.69,-9999.0,-9999.0,-9999.0,-9999.0,-9999.0,-9999.0,-9999.0,108.35440989,16.51344427,84.55632019042969,39.75435239745216,18.000930153637274,0.0,272.65932741211816,0.3845000346050031,1610.6334585319385,0.0007025,8.194233111192052e+34,1.526502037209128e+37,1.8904097488888844e+44,1,3,1,1
20220509G,282.67,-9999.0,70.24383333,-9999.0,269.53,0.02,0.02,0.0894,-9999.0,0.5,-9999.0,-9999.0,11.6,-9999.0,-9999.0,5.8,-9999.0,-9999.0,0.0,0.0,DSA-110,-9999.0,1405.0,187.5,-9999.0,-9999.0,-9999.0,0.01,0.01,-9999.0,0.07,0.04,-9999,-9999.0,-9999.0,2307.03344/2409.16964,in_both,10.7,-0.58,0.03,0.04,0.25,-9999.0,7.75,0.18,0.18,-9999.0,-9999.0,17.2,16.51,16.24,16.11,15.87,16.48,17.08,16.55,15.84,-9999.0,15.67,15.68,15.8,-9999.0,-9999.0,-9999.0,-9999.0,-9999.0,-9999.0,100.94319405,25.47640054,55.607852935791016,37.69734803951801,96.232799395289,0.0,176.22479902469095,0.4589682393978337,424.15132853545,0.0007025,2.4969543755917503e+33,4.651571281213603e+35,6.876136521732377e+42,1,3,0,1
20220825A,311.9814583,-9999.0,72.58497222,-9999.0,651.24,0.06,0.06,0.241397,-9999.0,1.0,-9999.0,-9999.0,5.8,-9999.0,-9999.0,5.8,-9999.0,-9999.0,0.0,1.0,DSA-110,-9999.0,1405.0,187.5,-9999.0,-9999.0,-9999.0,0.06,0.06,-9999.0,1.26,0.94,-9999,-9999.0,-9999.0,2307.03344/2409.16964,in_both,10.01,0.09,0.05,0.08,7.91,-9999.0,5.15,0.32,0.31,-9999.0,-9999.0,21.36,20.74,20.34,19.97,19.56,18.8,18.98,17.72,-9999.0,-9999.0,-9999.0,-9999.0,-9999.0,-9999.0,-9999.0,-9999.0,-9999.0,-9999.0,-9999.0,106.99499719,17.78524696,78.48040771484375,39.45481631990472,269.7072329005988,1.0,533.3047759652516,0.8055440765524646,1255.1456204017695,0.001405,1.0932693634579856e+34,5.091623242501832e+35,5.284059958859173e+43,1,3,0,1
20220914A,282.0567917,-9999.0,73.33691667,-9999.0,631.28,0.04,0.04,0.1139,-9999.0,0.5,-9999.0,-9999.0,5.2,-9999.0,-9999.0,2.6,-9999.0,-9999.0,0.0,1.0,DSA-110,-9999.0,1405.0,187.5,-9999.0,-9999.0,-9999.0,0.08,0.04,-9999.0,0.05,0.06,-9999,-9999.0,-9999.0,2307.03344/2409.16964,in_both,9.24,-0.44,0.08,0.12,0.46,-9999.0,4.55,0.29,0.28,-9999.0,-9999.0,20.55,20.05,19.8,19.7,-9999.0,18.88,19.41,-9999.0,-9999.0,-9999.0,-9999.0,-9999.0,-9999.0,-9999.0,-9999.0,-9999.0,-9999.0,-9999.0,-9999.0,104.30804001,26.1301059,54.68307876586914,36.95316424785361,402.3733791807402,1.0,539.6437569862773,0.4488733279468533,549.1689085571163,0.0007025,1.876403269791697e+33,3.495547875066746e+35,5.053604281690535e+42,1,1,0,0
20220920A,240.2570833,-9999.0,70.91880556,-9999.0,314.99,0.01,0.01,0.158239,-9999.0,0.5,-9999.0,-9999.0,7.8,-9999.0,-9999.0,3.9,-9999.0,-9999.0,0.0,1.0,DSA-110,-9999.0,1405.0,187.5,-9999.0,-9999.0,-9999.0,0.01,0.01,-9999.0,0.2,0.21,-9999,-9999.0,-9999.0,2307.03344/2409.16964,in_both,9.87,-0.37,0.07,0.08,1.62,-9999.0,4.27,0.27,0.29,-9999.0,-9999.0,19.65,19.43,18.96,19.05,18.54,18.15,18.52,16.9,-9999.0,-9999.0,-9999.0,-9999.0,-9999.0,-9999.0,-9999.0,-9999.0,-9999.0,-9999.0,-9999.0,104.92313248,38.89331833,39.85966491699219,34.11855298789563,97.40869007188806,0.0,241.01178209511215,0.4316898325820491,784.4387515924225,0.0007025,5.742799274632438e+33,1.0698249211431374e+36,1.4874648344510344e+43,1,3,0,0
20221012A,280.7987083,-9999.0,70.52422222,-9999.0,441.08,0.7,0.7,0.284669,-9999.0,2.0,-9999.0,-9999.0,2.55,-9999.0,-9999.0,5.1,-9999.0,-9999.0,0.0,0.0,DSA-110,-9999.0,1405.0,187.5,-9999.0,-9999.0,-9999.0,0.02,0.02,-9999.0,0.1,0.07,-9999,-9999.0,-9999.0,2307.03344/2409.16964,in_both,10.96,0.18,0.01,0.02,0.18,-9999.0,6.74,0.26,0.21,-9999.0,-9999.0,20.81,19.67,19.04,18.84,18.54,17.83,18.24,-9999.0,-9999.0,-9999.0,17.79,17.83,17.9,-9999.0,-9999.0,-9999.0,-9999.0,-9999.0,-9999.0,101.14513143,26.13985944,54.34602355957031,37.45653212675052,88.43900884992657,0.0,349.27744431367915,1.5568212512328077,1514.241969761689,0.00281,6.995869398867029e+33,8.14536939005416e+34,6.5347908906032805e+43,1,3,0,0
20210117A,339.9792292,-9999.0,-16.15151389,-9999.0,729.1,0.36,0.23,0.214,0.001,0.14,0.01,0.01,257.1428571428571,-9999.0,-9999.0,36.0,28.0,9.0,0.0,2.0,ASKAP/CRAFT,-9999.0,1271.5,336.0,-1.5,-9999.0,-9999.0,0.06,0.08,-9999.0,0.008,0.004,-9999,-9999.0,-9999.0,2211.1679,in_both,8.56,-9999.0,-9999.0,-9999.0,0.014,-9999.0,5.06,0.91,1.34,-9999.0,-9999.0,23.6,22.97,22.23,-9999.0,-9999.0,17.348,16.839,-9999.0,-9999.0,-9999.0,22.69,22.94,22.8,-9999.0,-9999.0,-9999.0,-9999.0,-9999.0,-9999.0,45.91735869,-57.64645313,34.37565231323242,37.1655075537266,397.3702071757301,1.0,657.558840133041,0.115321252059308,1095.9964395744946,0.00017801,3.695759536123716e+35,1.0722514358960588e+39,2.5571977020954863e+44,0,0,1,2
20181223C,180.9207,-9999.0,27.5476,-9999.0,111.61,1.62,1.62,0.03024,1e-05,1.97,-9999.0,-9999.0,1.36,0.51,0.51,2.84,0.93,0.93,0.0,1.0,CHIME/FRB,479.2,600.0,400.0,2.68,0.79,-9999.0,0.16,0.2,-9999.0,0.12,0.08,-9999,-9999.0,-9999.0,2310.10018/Chimefrbcat,in_both,9.29,-0.7,0.4,0.5,0.15,-9999.0,6.6,0.2,2.1,-9999.0,18.607,17.328,16.886,16.663,16.54,-9999.0,-9999.0,-9999.0,-9999.0,-9999.0,-9999.0,16.756,15.903,15.244,-9999.0,-9999.0,-9999.0,-9999.0,-9999.0,-9999.0,207.92652893,79.39043494,19.935115814208984,30.927260379798525,35.851059139067125,0.0,60.74762380599249,1.912175803696226,137.65894825642442,0.0011819999999999,3.0836051128548845e+31,2.0291097360332463e+33,3.750170657197467e+41,1,1,0,0
20190418A,65.8123,-9999.0,16.0738,-9999.0,182.78,1.62,1.62,0.07132,1e-05,1.97,-9999.0,-9999.0,0.99,0.58,0.58,2.2,1.0,1.0,0.0,1.0,CHIME/FRB,400.2,600.0,400.0,-4.8,1.2,-9999.0,0.13,0.17,-9999.0,1.1,0.6,-9999,-9999.0,-9999.0,2310.10018/Chimefrbcat,in_both,10.27,-1.51,0.47,0.35,0.8,-9999.0,5.5,2.1,2.5,-9999.0,21.062,19.224,18.089,17.428,16.978,-9999.0,-9999.0,-9999.0,-9999.0,-9999.0,-9999.0,16.416,15.597,14.621,-9999.0,-9999.0,-9999.0,-9999.0,-9999.0,-9999.0,179.28832207,-22.8910847,70.21626281738281,32.253188542228386,22.022054701630207,0.0,80.3105486403888,1.8388530037710489,334.24824152787846,0.0011819999999999,1.3233795257768603e+32,8.708256024827975e+33,1.6470391987166738e+42,1,1,0,0
20220610A,351.0732042,-9999.0,-33.51371389,-9999.0,1458.15,0.25,0.55,1.016,0.002,0.41,0.01,0.01,109.75609756097562,-9999.0,-9999.0,45.0,5.0,5.0,0.0,1.0,ASKAP,-9999.0,1271.5,336.0,-1.5,0.3,-9999.0,0.14,0.07,-9999.0,0.83,0.37,-9999,-9999.0,-9999.0,2210.0468,in_both,9.98,-0.11,0.17,1.68,0.42,-9999.0,1.02,1.64,0.62,-9999.0,-9999.0,24.15,23.78,22.17,21.95,-9999.0,-9999.0,-9999.0,-9999.0,-9999.0,23.89,21.97,-9999.0,22.08,-9999.0,-9999.0,-9999.0,-9999.0,-9999.0,-9999.0,8.83961496,-70.18574241,30.957868576049805,35.63860156519898,253.2774660869251,1.0,1391.5535298587513,0.2033730158730158,6939.614215263368,0.000521315,6.324268028496853e+36,2.1393978533047294e+39,7.71711277286818e+45,0,0,1,2
20121102A,82.99458333,-9999.0,33.14794444,-9999.0,557.0,2.0,2.0,0.1927,-9999.0,3.0,0.5,0.5,0.4,0.1,0.1,1.2,-9999.0,-9999.0,1.0,1.0,Arecibo_ALFA,1600.0,1375.0,322.6,8.8,1.9,-9999.0,0.02,0.01,-9999.0,0.02,0.01,-9999,-9999.0,-9999.0,2302.05465,in_both,8.14,0.11,0.05,0.11,0.05,-9999.0,5.71,0.96,1.26,-9999.0,-9999.0,23.33,23.73,23.54,23.49,-9999.0,-9999.0,-9999.0,-9999.0,-9999.0,-9999.0,23.51,-9999.0,23.73,23.08,22.96,-9999.0,23.79,-9999.0,-9999.0,174.87952538,-0.22186056,188.4281005859375,40.9140065164944,142.98290596429547,1.0,327.6578928975681,2.515301416953131,974.98934543217,0.004125,4.549573497896933e+32,2.4581280936242455e+33,6.86612919947554e+42,1,1,0,0
20180301A,93.22683333,-9999.0,4.671055556,-9999.0,536.0,8.0,13.0,0.3304,-9999.0,2.18,0.06,0.06,1.2,0.1,0.1,1.3,-9999.0,-9999.0,1.0,1.0,Parkes,1415.0,1352.0,338.281,2.29,0.07,-9999.0,0.11,0.11,-9999.0,0.64,0.55,-9999,-9999.0,-9999.0,2302.05465/1901.07412,in_both,9.64,-0.99,0.27,0.21,1.91,-9999.0,4.34,1.1,1.29,-9999.0,21.77,21.64,21.21,21.11,20.66,-9999.0,-9999.0,-9999.0,-9999.0,-9999.0,-9999.0,20.61,20.43,20.53,-9999.0,-9999.0,-9999.0,-9999.0,-9999.0,-9999.0,204.33679845,-6.38994154,151.72328186035156,38.05767374948512,53.30618331826623,0.0,346.21904439016333,1.6386049308478654,1797.8566143723217,0.00294736,4.6409010086590585e+33,4.911539772380977e+34,2.2674275824025764e+43,1,1,0,0
20180924B,326.10525,-9999.0,-40.90002778,-9999.0,362.42,0.06,0.06,0.3212,-9999.0,1.3,0.09,0.09,12.3,-9999.0,-9999.0,16.0,1.0,1.0,0.0,1.0,ASKAP/CRAFT,-9999.0,1320.0,336.0,-9999.0,-9999.0,-9999.0,0.02,0.02,-9999.0,0.32,0.24,-9999,-9999.0,-9999.0,2302.05465,in_both,10.39,-0.14,0.04,0.04,0.62,-9999.0,5.63,1.53,0.75,-9999.0,-9999.0,21.42,20.33,20.01,19.56,19.65,19.46,-9999.0,-9999.0,-9999.0,-9999.0,19.24,-9999.0,19.97,19.34,-9999.0,23.37,-9999.0,-9999.0,-9999.0,0.74244509,-49.41467975,40.49724578857422,45.543713872840215,6.871751316846443,0.0,276.3790403385856,0.9839539812291856,1740.018347156634,0.001716,4.455779808288296e+34,1.3911401491181397e+36,2.6322145031720134e+44,1,3,0,1
20181112A,327.3484583,-9999.0,-52.97094444,-9999.0,589.27,0.03,0.03,0.4755,-9999.0,2.1,0.2,0.2,12.38095238095238,-9999.0,-9999.0,26.0,3.0,3.0,0.0,1.0,ASKAP/CRAFT,-9999.0,1272.5,336.0,-9999.0,-9999.0,-9999.0,0.07,0.07,-9999.0,0.99,0.65,-9999,-9999.0,-9999.0,2302.05465,in_both,9.87,-0.19,0.27,0.32,1.54,-9999.0,3.82,0.84,0.98,-9999.0,-9999.0,22.64,21.68,21.46,21.42,21.05,-9999.0,-9999.0,-9999.0,-9999.0,-9999.0,20.96,-9999.0,-9999.0,-9999.0,-9999.0,-9999.0,-9999.0,-9999.0,-9999.0,342.59945985,-47.69883928,41.71956634521485,45.043748471852965,67.5809110676956,0.0,502.5066851829322,1.423246357167062,2758.115534601302,0.00267225,1.1269117740110398e+35,1.4508331682149507e+36,9.623238463259303e+44,2,0,3,1
20190102C,322.4156667,-9999.0,-79.47569444,-9999.0,363.6,0.3,0.3,0.2912,-9999.0,1.7,0.1,0.1,8.23529411764706,-9999.0,-9999.0,14.0,1.0,1.0,0.0,1.0,ASKAP/CRAFT,-9999.0,1320.0,336.0,-9999.0,-9999.0,-9999.0,0.09,0.11,-9999.0,0.31,0.11,-9999,-9999.0,-9999.0,2302.05465,in_both,9.69,-1.15,0.37,0.39,0.4,-9999.0,4.76,1.02,1.47,-9999.0,22.77,21.87,20.77,-9999.0,20.54,-9999.0,-9999.0,-9999.0,-9999.0,-9999.0,-9999.0,-9999.0,-9999.0,-9999.0,-9999.0,20.45,-9999.0,-9999.0,-9999.0,-9999.0,312.65374785,-33.49306231,57.39960479736328,46.98821754228439,13.870485542979123,0.0,259.2121776603524,1.3166047087980175,1554.1428447129226,0.002244,2.379972480176887e+34,4.345181890245481e+35,1.8800897845263515e+44,1,3,0,1
20190608B,334.019875,-9999.0,-7.89825,-9999.0,338.7,0.5,0.5,0.1178,-9999.0,6.0,0.8,0.8,4.3,-9999.0,-9999.0,26.0,4.0,4.0,0.0,1.0,ASKAP/CRAFT,1295.0,1320.0,336.0,-9999.0,-9999.0,-9999.0,0.02,0.02,-9999.0,1.43,1.15,-9999,-9999.0,-9999.0,2211.03974/2302.05465,in_both,10.56,-0.03,0.04,0.04,7.03,-9999.0,7.13,0.7,1.21,-9999.0,19.06,17.98,17.41,17.12,16.92,-9999.0,16.97,17.13,15.93,-9999.0,-9999.0,16.76,-9999.0,16.55,-9999.0,16.76,19.51,-9999.0,-9999.0,-9999.0,53.20882389,-48.5296461,37.26972579956055,38.89000896635318,150.19770670132868,1.0,262.5402652340863,5.367686527106818,569.402254226614,0.00792,1.6680834533082016e+33,2.444832678536936e+33,5.413894791598103e+43,2,3,2,1
20190611B,320.7455833,-9999.0,-79.39758333,-9999.0,321.4,0.2,0.2,0.3778,-9999.0,2.0,1.0,1.0,5.0,-9999.0,-9999.0,10.0,2.0,2.0,0.0,1.0,ASKAP/CRAFT,1152.0,1320.0,336.0,-9999.0,-9999.0,-9999.0,0.12,0.12,-9999.0,0.77,0.26,-9999,-9999.0,-9999.0,2302.05465,in_both,9.57,-0.84,0.55,0.54,0.53,-9999.0,4.45,0.98,1.34,-9999.0,-9999.0,23.36,22.15,21.9,-9999.0,-9999.0,-9999.0,-9999.0,-9999.0,-9999.0,-9999.0,-9999.0,-9999.0,-9999.0,-9999.0,-9999.0,-9999.0,-9999.0,-9999.0,-9999.0,312.93516545,-33.28183435,57.827579498291016,47.21390299956262,-9999.0,-9999.0,216.35851750214636,1.4515894904920887,2101.8467919129507,0.00264,2.642914241639371e+34,3.486237323764807e+35,2.301855922461347e+44,1,3,0,1
20190711A,329.41925,-9999.0,-80.358,-9999.0,593.1,0.4,0.4,0.522,-9999.0,6.5,0.5,0.5,5.230769230769231,-9999.0,-9999.0,34.0,3.0,3.0,1.0,1.0,ASKAP/CRAFT,1152.0,1320.0,336.0,-9999.0,-9999.0,-9999.0,0.15,0.23,-9999.0,0.96,0.5,-9999,-9999.0,-9999.0,2302.05465/2005.13161,in_both,9.1,-0.99,0.53,0.54,0.95,-9999.0,3.54,0.96,1.36,-9999.0,-9999.0,23.55,23.54,22.98,-9999.0,-9999.0,-9999.0,-9999.0,-9999.0,-9999.0,-9999.0,-9999.0,-9999.0,-9999.0,-9999.0,22.84,24.25,-9999.0,-9999.0,-9999.0,310.90783195,-33.90224193,56.48743438720703,46.20020786562126,30.4902080853276,0.0,490.4123577471717,4.270696452036794,3083.4078654150917,0.00858,5.950294578466591e+34,7.430971945056486e+34,1.524714116689862e+45,2,0,2,1
20190714A,183.9797083,-9999.0,-13.021,-9999.0,504.13,2.0,2.0,0.2365,-9999.0,1.0,-9999.0,-9999.0,8.0,-9999.0,-9999.0,8.0,-9999.0,-9999.0,0.0,1.0,ASKAP/CRAFT,1272.5,1272.5,336.0,2.0,0.5,-9999.0,0.04,0.04,-9999.0,1.22,0.72,-9999,-9999.0,-9999.0,2211.03974/2302.05465/2201.00069/2003.10889,in_both,10.22,-0.09,0.22,0.55,1.89,-9999.0,5.48,0.75,1.02,-9999.0,-9999.0,20.91,20.34,19.84,19.64,19.44,19.31,19.11,-9999.0,-9999.0,-9999.0,18.9,18.8,18.79,-9999.0,-9999.0,-9999.0,-9999.0,-9999.0,-9999.0,289.69715849,48.93586005,38.491249084472656,36.43910539242219,189.96533762454527,1.0,429.1996455231051,0.8087343307723414,1226.414789826374,0.0012725,1.4397122498359647e+34,8.174135800311318e+35,6.986068337254974e+43,1,3,0,1
20191001A,323.3512917,-9999.0,-54.74775,-9999.0,506.92,0.04,0.04,0.234,-9999.0,0.22,0.03,0.03,650.0,-9999.0,-9999.0,143.0,15.0,15.0,0.0,1.0,ASKAP/CRAFT,1088.0,920.5,336.0,-0.7,-9999.0,-9999.0,0.07,0.08,-9999.0,17.24,8.95,-9999,-9999.0,-9999.0,2302.05465/2008.12488,in_both,10.73,-0.52,0.11,0.1,18.28,-9999.0,3.89,1.68,1.56,-9999.0,-9999.0,19.18,18.36,17.92,17.73,17.64,-9999.0,-9999.0,-9999.0,-9999.0,-9999.0,17.3,17.09,16.9,-9999.0,17.12,21.07,-9999.0,-9999.0,-9999.0,341.22751583,-44.90377388,44.17430114746094,46.71444194701081,181.40808994446445,1.0,416.03125690552827,0.1782820097244732,1211.79451437382,0.00020251,1.1420425247188718e+36,2.5601832909350867e+39,1.2216338189861512e+45,0,0,1,2
20200430A,229.7064167,-9999.0,12.37675,-9999.0,380.1,0.4,0.4,0.1608,-9999.0,6.5,-9999.0,-9999.0,5.384615384615385,-9999.0,-9999.0,35.0,4.0,4.0,0.0,1.0,ASKAP/CRAFT,864.5,864.5,336.0,-9999.0,-9999.0,-9999.0,0.07,0.08,-9999.0,0.06,0.04,-9999,-9999.0,-9999.0,2211.03974/2302.05465,in_both,9.3,-0.99,0.32,0.35,0.11,-9999.0,5.99,0.96,1.31,-9999.0,-9999.0,21.78,21.05,20.98,20.52,20.68,-9999.0,-9999.0,-9999.0,-9999.0,-9999.0,19.85,-9999.0,21.26,-9999.0,-9999.0,-9999.0,-9999.0,-9999.0,-9999.0,17.14019723,52.50320367,27.18224334716797,42.24141462748986,155.3648816964789,1.0,310.6763420253422,5.599586492074431,798.3726165720594,0.00561925,4.106548037368155e+33,1.1956441124344342e+34,1.3796982551460895e+44,2,3,2,1
20200906A,53.49616667,-9999.0,-14.08319444,-9999.0,577.8,0.2,0.2,0.3688,-9999.0,6.0,0.2,0.2,9.8,-9999.0,-9999.0,59.0,25.0,10.0,0.0,1.0,ASKAP/CRAFT,864.5,864.5,336.0,-9999.0,-9999.0,-9999.0,0.05,0.06,-9999.0,3.46,2.34,-9999,-9999.0,-9999.0,2211.03974/2302.05465,in_both,10.37,-0.39,0.18,0.15,4.93,-9999.0,4.3,0.86,1.11,-9999.0,-9999.0,20.84,19.95,19.69,19.43,19.4,19.35,19.36,-9999.0,-9999.0,-9999.0,19.36,-9999.0,18.84,-9999.0,-9999.0,-9999.0,-9999.0,-9999.0,-9999.0,202.25771853,-49.99842966,35.836612701416016,30.16040805448323,148.2929399310815,1.0,511.8029792441007,4.383401519579193,2043.370125710968,0.005187,4.8958838886174e+34,1.6729399187780534e+35,1.2920172119855907e+45,2,0,2,1
20201124A,77.014625,-9999.0,26.06069444,-9999.0,415.3,0.63,0.63,0.0979,-9999.0,22.0,1.0,1.0,0.8,0.5,0.5,6.0,2.0,2.0,1.0,1.0,CHIME/FRB,668.0,600.0,400.0,41.1,4.8,-9999.0,0.05,0.05,-9999.0,1.65,1.22,-9999,-9999.0,-9999.0,2109.09254/2302.05465,in_both,10.22,-0.58,0.11,0.11,2.72,-9999.0,6.13,0.95,1.16,-9999.0,-9999.0,18.4,17.86,17.53,17.36,17.34,17.01,17.34,15.01,14.59,16.534,16.92,16.74,16.74,-9999.0,-9999.0,-9999.0,-9999.0,-9999.0,-9999.0,177.76769161,-8.52305924,139.94976806640625,36.23970640409008,146.44951319973066,1.0,239.1105255295037,20.038254850168503,467.1131494478356,0.0131999999999999,2.0885512060840912e+32,1.1019934059953334e+32,8.560415727642234e+42,1,1,0,0
20210320C,204.4608333,-9999.0,-16.12269444,-9999.0,384.8,0.3,0.3,0.2797,-9999.0,5.4,-9999.0,-9999.0,10.925925925925926,-9999.0,-9999.0,59.0,-9999.0,-9999.0,0.0,1.0,ASKAP/CRAFT,-9999.0,864.5,336.0,-9999.0,-9999.0,-9999.0,0.05,0.06,-9999.0,2.44,1.45,-9999,-9999.0,-9999.0,2302.05465,in_both,10.37,-0.82,0.16,0.17,3.51,-9999.0,4.56,0.99,1.15,-9999.0,-9999.0,20.31,19.47,19.04,19.04,-9999.0,18.77,19.18,18.1,-9999.0,-9999.0,19.09,18.82,18.68,-9999.0,-9999.0,-9999.0,-9999.0,-9999.0,-9999.0,318.87563885,45.30759772,39.28854751586914,42.13052985266471,56.266679907220194,0.0,303.38092263146615,4.219739001328437,1484.0216029689116,0.0046683,2.8790529505897905e+34,1.2145457207721909e+35,7.289311213496071e+44,2,3,2,1
20210410D,326.08625,-9999.0,-79.31819444,-9999.0,571.2,1.0,1.0,0.1415,-9999.0,-9999.0,-9999.0,-9999.0,1.5,-9999.0,-9999.0,35.4,-9999.0,-9999.0,0.0,2.0,MeerKAT,1711.58,1284.0,856.0,-4.0,-9999.0,-9999.0,0.05,0.05,-9999.0,0.03,0.01,-9999,-9999.0,-9999.0,2302.09754/2302.05465,in_both,9.47,-1.04,0.19,0.27,0.03,-9999.0,6.78,1.02,1.48,-9999.0,-9999.0,21.77,20.65,20.1,20.23,19.76,-9999.0,-9999.0,-9999.0,-9999.0,-9999.0,20.02,-9999.0,-9999.0,-9999.0,-9999.0,-9999.0,-9999.0,-9999.0,-9999.0,312.32221628,-34.12939579,56.19322204589844,46.482803145507006,310.3589911861117,1.0,468.52397480859463,-9999.0,694.2823225583398,-9999.0,8.651161684560697e+32,-9999.0,1.0731533022635079e+44,2,3,2,1
20211127I,199.8082083,-9999.0,-18.83780556,-9999.0,234.83,0.08,0.08,0.0469,-9999.0,1.182,-9999.0,-9999.0,26.22673434856176,-9999.0,-9999.0,31.0,1.0,1.0,0.0,1.0,ASKAP/CRAFT,1271.5,1271.5,336.0,0.65,-9999.0,-9999.0,0.06,0.02,-9999.0,1.02,1.46,-9999,-9999.0,-9999.0,2302.05465,in_both,9.48,-0.53,0.03,0.02,35.83,-9999.0,3.85,2.13,3.65,-9999.0,-9999.0,15.03,14.97,14.72,14.57,14.78,16.05,16.62,14.99,14.17,15.984,14.66,14.966,14.7,-9999.0,-9999.0,-9999.0,-9999.0,-9999.0,-9999.0,312.02061262,43.54289199,42.47074508666992,41.58737519544159,108.59588958662027,1.0,150.7718797178885,1.1290476645333842,216.07856907957293,0.001502913,1.4651381002949177e+33,5.963381733862689e+34,9.92526450214114e+42,1,3,1,1
20211203C,204.5625,-9999.0,-31.38005556,-9999.0,636.2,0.4,0.4,0.3439,-9999.0,9.6,-9999.0,-9999.0,3.125,-9999.0,-9999.0,30.0,2.0,2.0,0.0,1.0,ASKAP/CRAFT,-9999.0,920.5,336.0,-9999.0,-9999.0,-9999.0,0.07,0.09,-9999.0,2.82,2.98,-9999,-9999.0,-9999.0,2302.05465,in_both,9.76,0.0,0.12,0.19,15.91,-9999.0,2.47,2.0,1.25,-9999.0,-9999.0,20.32,19.64,19.79,19.44,19.7,19.45,20.05,-9999.0,-9999.0,-9999.0,19.64,-9999.0,19.33,-9999.0,-9999.0,-9999.0,-9999.0,-9999.0,-9999.0,314.51850411,30.43629601,63.727073669433594,49.78861888949824,175.3271365749435,1.0,522.6843074410682,7.143388644988466,1883.4229423931015,0.0088367999999999,1.3263455628899947e+34,1.5615229365677734e+34,5.6847610999675325e+44,2,3,2,1
20211212A,157.3509167,-9999.0,1.360944444,-9999.0,206.0,5.0,5.0,0.0707,-9999.0,2.7,-9999.0,-9999.0,48.51851851851851,-9999.0,-9999.0,131.0,-9999.0,-9999.0,0.0,1.0,ASKAP/CRAFT,-9999.0,1631.5,336.0,-9999.0,-9999.0,-9999.0,0.05,0.06,-9999.0,0.62,0.39,-9999,-9999.0,-9999.0,2302.05465,in_both,10.28,-0.77,0.11,0.12,0.73,-9999.0,5.83,1.05,1.16,-9999.0,18.404,17.235,16.684,16.327,16.145,-9999.0,16.72,17.22,15.89,-9999.0,16.144,15.87,15.89,15.38,-9999.0,-9999.0,-9999.0,-9999.0,-9999.0,-9999.0,244.00763941,47.31578895,38.7515869140625,32.17570606045656,73.64896559930551,0.0,135.07270702548095,2.521714766040908,331.2013526291291,0.00440505,6.367994644995332e+33,3.017051584445733e+34,9.634959675812496e+43,0,3,1,2
20220105A,208.8039167,-9999.0,22.4665,-9999.0,583.0,1.0,1.0,0.2785,-9999.0,2.0,-9999.0,-9999.0,9.5,-9999.0,-9999.0,19.0,-9999.0,-9999.0,0.0,1.0,ASKAP/CRAFT,-9999.0,1631.5,336.0,-9999.0,-9999.0,-9999.0,0.05,0.07,-9999.0,0.31,0.19,-9999,-9999.0,-9999.0,2302.05465,in_both,10.01,-0.81,0.16,0.14,0.42,-9999.0,5.67,0.73,1.24,-9999.0,-9999.0,22.36,21.19,21.05,20.48,-9999.0,-9999.0,-9999.0,-9999.0,-9999.0,-9999.0,-9999.0,-9999.0,19.76,-9999.0,-9999.0,-9999.0,-9999.0,-9999.0,-9999.0,18.55667206,74.80762165,22.03781509399414,34.35481612208585,231.7288639606858,1.0,526.60736878392,1.5643332029722332,1476.7413797859845,0.003263,2.478811193402603e+34,2.1403807269302885e+35,2.3266119922433502e+44,2,3,0,1
20191106C,199.580125,-9999.0,42.99971389,-9999.0,332.2,0.7,0.7,0.10775,-9999.0,10.81,-9999.0,-9999.0,0.1369102682701202,-9999.0,-9999.0,1.48,0.26,0.26,1.0,1.0,CHIME/FRB,618.5,600.0,400.0,10.5,2.3,-9999.0,0.0171,0.0305,-9999.0,1.29,1.27,-9999,-9999.0,-9999.0,2304.02638/Chimefrbcat,in_both,10.3979,-9999.0,-9999.0,-9999.0,4.75,-9999.0,-9999.0,-9999.0,-9999.0,-9999.0,19.509,18.173,17.425,16.938,16.669,-9999.0,-9999.0,-9999.0,-9999.0,-9999.0,-9999.0,15.806,15.146,14.575,-9999.0,-9999.0,-9999.0,-9999.0,-9999.0,-9999.0,105.68944231,73.2169619,25.007410049438477,31.66195850402312,170.74406386894992,1.0,275.5306314465384,9.758519521552698,517.4467146491997,0.006486,4.386097117823548e+31,9.58530829331814e+31,2.5681088608624277e+42,1,1,0,0
20200223B,8.2695,-9999.0,28.83127778,-9999.0,201.8,0.4,0.4,0.06024,-9999.0,3.93,-9999.0,-9999.0,0.2697201017811705,-9999.0,-9999.0,1.06,0.36,0.36,1.0,1.0,CHIME/FRB,754.9,600.0,400.0,22.7,8.4,-9999.0,0.08,0.0792,-9999.0,0.04,0.04,-9999,-9999.0,-9999.0,2304.02638/Chimefrbcat,in_both,10.7482,-9999.0,-9999.0,-9999.0,0.59,-9999.0,3.37,0.47,0.73,-9999.0,18.104,16.849,16.276,15.967,15.69,-9999.0,-9999.0,-9999.0,-9999.0,-9999.0,-9999.0,16.474,15.686,15.098,-9999.0,-9999.0,-9999.0,-9999.0,-9999.0,-9999.0,118.08863686,-33.86775176,45.57209014892578,33.57529762800155,70.61610199563131,0.0,122.65261222307268,3.7067079151890137,280.16209301674655,0.002358,2.5330456455351524e+31,4.1882938589301624e+32,5.633556206304127e+41,1,1,0,0
20190110C,249.3184583,-9999.0,41.44341667,-9999.0,221.6,1.6,1.6,0.12244,-9999.0,0.39,-9999.0,-9999.0,0.64,0.39,0.39,1.4,0.76,0.76,1.0,1.0,CHIME/FRB,427.4,600.0,400.0,24.5,3.9,-9999.0,0.1027,0.1347,-9999.0,0.04,0.04,-9999,-9999.0,-9999.0,2304.02638/Chimefrbcat,in_both,10.6532,-9999.0,-9999.0,-9999.0,0.54,-9999.0,2.59,0.8,1.24,-9999.0,19.801,18.669,18.171,17.852,17.785,-9999.0,-9999.0,-9999.0,-9999.0,-9999.0,-9999.0,-9999.0,-9999.0,-9999.0,-9999.0,-9999.0,-9999.0,-9999.0,-9999.0,-9999.0,65.57306051,42.09995913,37.07301330566406,38.87564271326083,42.03155489449877,0.0,145.65134398107512,0.3474573251131463,593.592169980212,0.000234,2.698157241364502e+32,4.5301989122711504e+35,3.1550295599683797e+42,1,1,0,0
20190303A,207.9958333,-9999.0,48.12111111,-9999.0,223.2,0.017,0.017,0.064,-9999.0,3.93,-9999.0,-9999.0,0.47,0.26,0.26,2.54,0.97,0.97,1.0,1.0,CHIME/FRB,631.5,600.0,400.0,63.3,9.4,-9999.0,0.03,0.03,-9999.0,0.72,0.65,-9999,-9999.0,-9999.0,2212.11941/Chimefrbcat,in_both,10.63,-0.39,0.01,0.01,9.77,-9999.0,1.72,0.18,0.18,-9999.0,17.69,16.564,15.972,15.592,15.349,-9999.0,-9999.0,-9999.0,-9999.0,-9999.0,15.322,14.582,14.068,-9999.0,-9999.0,-9999.0,-9999.0,-9999.0,-9999.0,-9999.0,97.63519517,65.92516081,29.829309463500977,32.191048275209695,103.73091180827733,1.0,161.1796422612893,3.693609022556391,298.4294010426665,0.002358,5.00831950637802e+31,8.28106428681887e+32,1.526291578891398e+42,1,1,0,0
20180814A,65.68333333,-9999.0,73.66444444,-9999.0,190.9,0.076,0.076,0.068,-9999.0,7.86,-9999.0,-9999.0,0.39,0.3,0.3,2.6,1.0,1.0,1.0,0.0,CHIME/FRB,464.2,600.0,400.0,42.5,5.5,-9999.0,0.12,0.18,-9999.0,-9999.0,-9999.0,-9999,-9999.0,-9999.0,2212.11941/Chimefrbcat,in_both,10.78,-0.61,0.43,0.53,0.316,-9999.0,7.6,3.3,3.4,-9999.0,-9999.0,19.9015,18.0196,17.7833,17.4049,16.9656,-9999.0,-9999.0,-9999.0,-9999.0,-9999.0,15.511,14.771,14.205,-9999.0,-9999.0,-9999.0,-9999.0,-9999.0,-9999.0,136.45851625,16.63752305,87.5502700805664,35.65187881860818,12.791984684061983,0.0,67.69785110082542,7.359550561797753,317.9607656398947,0.004716,4.7176164557321135e+31,1.9500994845037915e+32,1.7668975489633386e+42,1,1,0,0
20191228A,344.4304167,-9999.0,-28.59408333,-9999.0,297.5,0.05,0.05,0.2432,-9999.0,2.3,0.6,0.6,17.0,-9999.0,-9999.0,40.0,100.0,40.0,0.0,1.0,ASKAP/CRAFT,1271.5,1272.5,336.0,-9999.0,-9999.0,-9999.0,-9999.0,-9999.0,-9999.0,0.15,0.15,-9999,-9999.0,-9999.0,2108.01282,in_both,9.7324,-9999.0,-9999.0,-9999.0,0.5,-9999.0,-9999.0,-9999.0,-9999.0,-9999.0,-9999.0,22.61,-9999.0,21.96,-9999.0,-9999.0,-9999.0,-9999.0,-9999.0,-9999.0,-9999.0,-9999.0,-9999.0,-9999.0,-9999.0,-9999.0,-9999.0,-9999.0,-9999.0,-9999.0,22.91108804,-64.88219477,32.94597625732422,36.78555341467404,22.31008070972423,0.0,227.76847032800177,1.85006435006435,1265.7546436165178,0.0029267499999999,3.2588092061273303e+34,3.497594128106276e+35,3.700669096215455e+44,3,3,1,1
20190523A,207.065,-9999.0,72.46972222,-9999.0,760.8,0.6,0.6,0.66,-9999.0,0.42,0.05,0.05,660.0,-9999.0,-9999.0,280.0,-9999.0,-9999.0,0.0,0.0,DSA-110,1530.0,1411.0,152.6,-9999.0,-9999.0,-9999.0,0.06,0.06,-9999.0,-9999.0,-9999.0,-9999,-9999.0,-9999.0,1907.01542,in_both,11.07,0.3,0.2,0.2,1.3,-9999.0,6.6,0.8,0.8,-9999.0,-9999.0,22.1,21.91,19.89,19.62,19.65,-9999.0,-9999.0,-9999.0,-9999.0,-9999.0,-9999.0,-9999.0,-9999.0,-9999.0,-9999.0,-9999.0,-9999.0,-9999.0,-9999.0,117.03378433,44.00194861,37.17802810668945,32.39292134164319,75.01431425084795,0.0,691.2290505516673,0.253012048192771,4092.4562115199137,0.00059262,1.3225831107088545e+37,3.462199544335181e+39,2.02805734391281e+46,0,0,1,2
20190614D,65.07552,-9999.0,73.70674,-9999.0,959.2,5.0,5.0,0.6,-9999.0,5.0,-9999.0,-9999.0,0.124,0.014,0.014,0.62,0.07,0.07,0.0,2.0,CHIME/FRB,-9999.0,600.0,400.0,-9999.0,-9999.0,-9999.0,-9999.0,-9999.0,-9999.0,-9999.0,-9999.0,-9999,-9999.0,-9999.0,2007.02155/2211.03974,in_both,8.8,-9999.0,-9999.0,-9999.0,-9999.0,-9999.0,-9999.0,-9999.0,-9999.0,-9999.0,-9999.0,-9999.0,23.94,23.74,22.53,-9999.0,-9999.0,-9999.0,-9999.0,-9999.0,24.58,23.66,-9999.0,-9999.0,-9999.0,-9999.0,-9999.0,-9999.0,-9999.0,-9999.0,136.30556834,16.54028929,87.80358123779297,35.69793444041439,201.48299085460508,1.0,835.6984843217926,3.125,3646.1230654838737,0.003,1.9724013256232576e+33,2.0148118988226004e+34,3.698252485543609e+43,1,1,0,0
20210603A,10.274058,-9999.0,21.22627,-9999.0,500.147,0.004,0.004,0.1772,0.0001,-9999.0,-9999.0,-9999.0,64.9,6.5,6.5,64.4,6.6,6.5,0.0,0.0,CHIME,-9999.0,600.0,400.0,-9999.0,-9999.0,-9999.0,0.04,0.04,-9999.0,0.06,0.06,-9999,-9999.0,-9999.0,2307.09502/2407.01737,in_both,10.93,-0.22,0.05,0.04,0.24,-9999.0,4.32,0.73,0.75,-9999.0,21.742,19.22,17.97,17.461,17.056,-9999.0,14.416,14.134,11.59,7.951,-9999.0,16.32,15.574,15.142,-9999.0,-9999.0,-9999.0,-9999.0,-9999.0,-9999.0,119.70945896,-41.58076131,39.53318405151367,32.432173425379204,241.34438783005143,1.0,428.18164252310714,-9999.0,888.4713952861324,-9999.0,6.129747023279745e+34,-9999.0,3.1001643577684438e+44,0,3,1,2
